Ticker,Name
0KOLLN,PROSHARES TRUST-PROSHARES SHORT S&P500 ETF
ACWI,ISHARES TRUST - ISHARES MSCI ACWI ETF
ACWX,ISHARES TRUST - ISHARES MSCI ACWI EX U.S. ETF
AGG,ISHARES TRUST-ISHARES CORE U.S. AGGREGATE BOND ETF
AIQ,GLOBAL X FUNDS - GLOBAL X ARTIFICIAL INTELLIGENCE & TECH ETF
AOA,ISHARES TRUST - ISHARES CORE AGGRESSIVE ALLOCATION ETF
ARKB,ARK 21SHARES BITCOIN ETF
ASHR,DBX ETF TRUST - XTRACKERS HARVEST CSI 300 CHINA A-SHARES ETF
ASHS,DBX ETF TRUST
BBC,ETFIS SERIES TRUST I - VTS LFSCI BIOTECH CLNCL TRLS ETF
BBCA,JP MORGAN EXCHANGE-TRADED FUND TRUST - JPMORGAN BDC & CANADA ETF
BBEU,JP MORGAN EXCHANGE-TRADED FD TR-JPM BETABUILDERS EUR ETF
BBJP,JP MORGAN EXCHANGE-TRADED FD TR-JPMORGAN BETABUILDERS ETF
BIL,STATE STREET SPDR BLOOMBERG 1-3 MONTH T-BILL ETF
BITB,WISDOMTREE BITCOIN ETF
BITC,WISDOMTREE BITCOIN FUND
BITO,THE 2023 ETF SERIES TRUST - BRANDES INTERNATIONAL ETF
BLV,VANGUARD BOND INDEX FUNDS-VANGUARD LONG-TERM BOND INDEX FUND
BND,VANGUARD BOND INDEX FUNDS-VANGUARD TOTAL MARKET INDEX
BNDX,VANGUARD CHARLOTTE FUNDS - VANGUARD TOTAL INTERNATIONAL BOND
BNO,"UNITED STATES BRENT OIL FUND, LP"
BOND,PIMCO ETF TRUST - PIMCO ACTIVE BOND EXCHANGE-TRADED FUND
BRRR,VALKYRIE BITCOIN FUND
BSMC,THE 2023 ETF SERIES TRUST - BRAN U.S. SMALL-MI CA VALUE ETF
BSV,VANGUARD SHORT TERM BOND INDEX
BTC,GRAYSCALE BITCOIN MINI TRUST (BTC)
BTCO,INVESCO GALAXY BITCOIN ETF
BTCW,WISDOMTREE BITCOIN FUND
BUSA,THE 2023 ETF SERIES TRUST - BRANDES U.S. VALUE ETF
CANE,TEUCRIUM COMMODITY TRUST - TEUCRIUM SUGAR FUND
CORN,TEUCRIUM COMMODITY TRUST - TEUCRIUM CORN FUND
CPER,UNITED STATES COMMODITY INDEX FUNDS TRUST-US COPPER ETF
DBA,INVESCO DB MULTI-SECTOR COMMODITY TRUST - INVESCO DB AGRI FD
DBEF,DBX ETF TRUST - XTRACKERS MSCI EAFE HEDGED EQUITY ETF
FLIN,FRANKLIN TEMPLETON ETF TRUST - FRANKLIN FTSE INDIA ETF
FNDE,SCHWAB STRATEGIC TRUST-SCHWB FDMNTL EMNG MRKTS EQT ETF
FNDF,SCHWAB STRATEGIC TRUST-SCHWB FDMNTL INTL EQUITY ETF
FTSL,FIRST TRUST SENIOR LOAN ETF
GAA,CAMBRIA ETF TRUST-CAMBRIA GLOBAL ASSET ALLOCATION
GBIL,GS ETF TRUST - GOLDMAN SACHS ACCESS TREASURY 0-1 YEAR ETF
GBND,GOLDMAN SACHS ETF TRUST - GOLDMAN SACHS CORE BOND ETF
GBTC,GRAYSCALE BITCOIN TRUST (BTC)
GCAL,GOLDMAN SACHS ETF TRUST - GS DYNAMIC CALIF MUNI INCOME ETF
GCOR,GS ETF TRUST - GOLDMAN SACHS ACCESS U.S. AGGREGATE BOND ETF
GEMD,GS ETF TRUST - GS ACCESS EMERGING MARKETS USD BOND ETF
GHYB,GS ETF TRUST - GOLDMAN SACHS ACCESS HIGH YIELD CORP BD EFT
GIGB,GS ETF TRUST - GOLDMAN SACHS ACCESS INV GRADE CORP BD EFT
GIGL,GOLDMAN SACHS ETF TRUST - GOLDMAN SACHS CORPORATE BOND ETF
GIND,GOLDMAN SACHS ETF TRUST - GOLDMAN SACHS INDIA EQUITY ETF
GINN,GOLDMAN SACHS ETF TRUST - GOLDMAN SACHS INNOVATE EQUITY ETF
GLD,SPDR GOLD TRUST
GLIN,VANECK VECTORS ETF TRUST-VANECK VECTORS INDIA GROWTH LEA ETF
GLOV,GS ETF TRUST - GS ACTIVEBETA WORLD LOW VOL PLUS EQUITY ETF
GMNY,GOLDMAN SACHS ETF TRUST - GS DYNAMIC NY MUNI INCOME ETF
GMUB,GOLDMAN SACHS ETF TRUST - GOLDMAN SACHS MUNICIPAL INCOME ETF
GMUN,GOLDMAN SACHS ETF TRUST - GOLDMAN SACHS ACCESS MUN BOND ETF
GOVT,ISHARES TRUST - ISHARES U.S. TREASURY BOND ETF
GPIX,GOLDMAN SACHS ETF TR - GOLDMAN SACHS S&P 500 PREMIUM INCOM ETF
GPRF,GS ACCESS U.S. PREFERRED STOCK AND HYBRID SECURITIES ETF
GSC,GOLDMAN SACHS ETF TRUST - GOLDMAN SACHS SMALL CAP EQUITY ETF
GSEU,GS ETF TRUST - GOLDMAN SACHS ACTIVEBETA EUROPE EQUITY ETF
GSEW,GS ETF TRUST - GOLDMAN SACHS EQUAL WT U.S. LARGE CAP EQ ETF
GSG,ISHARES GSCI COMMODITY-INDEXED TRUST
GSID,GS ETF TRUST - GS MARKETBETA INTERNATIONAL EQ ETF
GSIE,GS ETF TRUST - GS ACTIVEBETA INTERNATIONAL EQUITY ETF
GSIG,GS ETF TRUST - GS ACCESS INV GRADE CORP 1-5 YEAR BOND ETF
GSJY,GS ETF TRUST - GOLDMAN SACHS ACTIVEBETA JAPAN EQUITY ETF
GSLC,GS ETF TRUST - GS ACTIVEBETA U.S. LARGE CAP EQUITY ETF
GSSC,GS ETF TRUST - GS ACTIVEBETA U.S. SMALL CAP EQUITY ETF
GSST,GOLDMAN SACHS ETF TRUST - GOLDMAN SACHS ULTRA SHORT BOND ETF
GSUS,GOLDMAN SACHS ETF TRUST - GS MRKTBTA U.S. EQUITY ETF
GTEK,GOLDMAN SACHS ETF TRUST - GOLDMAN SACHS FUTURE TECH LEADERS ETF
GTIP,GS ETF TRUST - GS ACCESS INFLATION PROTECTED USD BOND ETF
GUMI,GOLDMAN SACHS ETF TRUST - GS ULTRA SHORT MUNI INCOME ETF
GUSA,GS ETF TRUST II-GS MARKETBETA U.S. 1000 EQUITY ETF
GUSE,GOLDMAN SACHS ETF TRUST-GOLDMAN SACHS ENHANCED U.S. EQUITY ETF
GVIP,GS ETF TRUST - GOLDMAN SACHS HEDGE INDUSTRY VIP ETF
GVLE,GOLDMAN SACHS ETF TRUST-GOLDMAN SACHS VALUE OPPORTUNITIES ET
GVUS,GOLDMAN SACHS ETF TR-GOLDMN SCHS MRKTBT RSSLL 1000 VL EQ ETF
GXUS,GOLDMAN SACHS ETF TRUST II - GOLDMAN SACHS MARKETBETA TOTAL
HEDJ,WISDOMTREE TRUST - WISDOMTREE EUROPE HEDGED EQUITY FUND
HEFA,ISHARES CURRENCY HEDGED MSCI EAFE ETF
HEWJ,ISHARES TRUST - ISHARES CURRENCY HEDGED MSCI JAPAN ETF
HEZU,ISHARES TRUST-ISHARES CURRENCY HEDGED MSCI EMU ETF
HODL,VANECK BITCOIN TRUST
HYD,VANECK HIGH YIELD MUNI ETF
HYG,ISHARES TRUST - ISHARES IBOXX $ HIGH YIELD CORPORATE BOND ET
HYMB,STATE STREET SPDR NUVEEN BLOOMBERG MUNICIPAL BOND ETF
HYS,PIMCO ETF TRUST - PIMCO 0-5 YEAR HG YD CORP BD IDX EX-TRD FD
IAU,ISHARES GOLD TRUST
IAUM,ISHARES GOLD TRUST MICRO
IBIT,ISHARES BITCOIN TRUST
IDEV,ISHARES TRUST - ISHARES CORE MSCI INTERNATIONAL DEV MKT ETF
IDV,ISHARES TRUST - ISHARES INTERNATIONAL SELECT DIVIDEND ETF
IEF,ISHARES TRUST - ISHARES 7-10 YEAR TREASURY BOND ETF
IEFA,ISHARES TRUST - ISHARES CORE MSCI EAFE ETF
IEI,ISHARES TRUST - ISHARES CORE MSCI EAFE ETF
IEMG,"ISHARES, INC. - ISHARES CORE MSCI EMERGING MARKETS ETF"
IEUR,ISHARES TRUST - ISHARES CORE MSCI EUROPE
IEV,ISHARES TRUST-ISHARES EUROPE ETF
IHDG,WISDOMTREE TRUST-WISDOMTREE INT HEDGED QUALITY DIV GROWTH FD
IJH,ISHARES TRUST - ISHARES CORE S&P MID-CAP ETF
IJJ,ISHARES TRUST - ISHARES S&P 400 VALUE ETF
IJK,ISHARES S&P MIDCAP 400 GROWTH ETF
IJR,ISHARES TRUST - ISHARES CORE S&P SMALL-CAP ETF
IJS,ISHARES S&P SMALLCAP 600 VALUE INDEX
IJT,ISHARES TRUST - ISHARES S&P SMALL-CAP 600 GROWTH ETF
ILTB,ISHARES TRUST - ISHARES CORE 10+ YEAR USD BOND ETF
IMCG,ISHARES TRUST - ISHARES MORNINGSTAR MID-CAP GROWTH ETF
INDA,ISHARES MSCI INDIA ETF
IQLT,ISHARES TRUST - ISHARES MSCI INTL QUALITY FACTOR ETF
ISTB,ISHARES TRUST - ISHARES CORE 1-5 YEAR USD BOND ETF
ITOT,ISHARES TRUST - ISHARES CORE S&P TOTAL U.S. STOCK MARKET ETF
IUSB,ISHARES TRUST - ISHARES CORE TOTAL USD BOND MARKET ETF
IUSV,ISHARES TRUST - ISHARES CORE S&P U.S. VALUE ETF
IVE,ISHARES TRUST - ISHARES S&P 500 VALUE ETF
IVOL,KRANE SHARES TRUST-QUADRATIC INTRT RATE VOLTY N IFTN HDG ETF
IVOO,VANGUARD ADMIRAL FUNDS - VANGUARD S&P MID-CAP 400 INDEX FUND
IVV,ISHARES CORE S&P 500
IVW,ISHARES TRUST - ISHARES RUSSELL 1000 ETF
IWC,ISHARES MICRO-CAP ETF
IWD,ISHARES TRUST-ISHARES RUSSELL 1000 VALUE ETF
IWM,ISHARES TRUST-ISHARES RUSSELL 2000 ETF
IWN,ISHARES TRUST - ISHARES RUSSELL 2000 VALUE ETF
IWO,ISHARES RUSSELL 2000 GROWTH INDEX
IWP,ISHARES TRUST - ISHARES RUSSELL MID-CAP GROWTH ETF
IWR,ISHARES TRUST - ISHARES RUSSELL MID-CAP ETF
IWS,ISHARES TRUST - ISHARES RUSSELL MID-CAP VALUE ETF
IWV,ISHARES TRUST-ISHARES RUSSELL 3000 ETF
IXUS,ISHARES TRUST-ISHARES CORE MSCI TOTAL INTL STOCK ETF/MKUS
IYY,ISHARES TRUST - ISHARES DOW JONES U.S. ETF
JAAA,JANUS DETROIT STREET TRUST - JANUS HENDERSON AAA CLO ETF
JBBB,JANUS DETROIT STREET TRUST - JANUS HENDERSON B-BBB CLO ETF
JUST,GS ETF TRUST - GS JUST U.S. LARGE CAP EQUITY ETF
MUB,ISHARES TRUST - ISHARES NATIONAL MUNI BOND ETF
MUNY,VANGUARD NEW YORK TAX-FREE FUNDS-VANG NEW YORK TAX-EX BD ETF
NFTY,FIRST TR EXCH-TR ALPHA DX LI-FR IND NFTY 50 EQ WGH ETF
NOBL,PROSHARES TRUST - PROSHARES S&P 500 DIVIDEND ARISTOCRATS ETF
NYF,ISHARES TRUST - ISHARES NEW YORK MUNI BOND ETF
OPPE,WISDOMTREE TRUST - WISDOMTREE EUROPE HEDGED SMALLCAP EQUITY
PALL,ABERDEEN STANDARD PHYSICAL PALLADIUM SHARES ETF
PBD,INVESCO EXCH-TRADED FD TR II-INVESCO GLOBAL CLEAN ENERGY ETF
PBW,INVESCO EXCHANGE-TRADED FUND TRUST- INV WH CLEAN ENG ETF
PCY,INVESCO EXC-TRED FD TR II-INVESCO EMERGING MKTS SOV DEBT ETF
PEY,INV EX-TR FD TR-INVESCO HGH YLD EQUITY DIV ACHIEVERS ETF
PFF,ISHARES TRUST - ISHARES PREFERRED AND INCOME SECURITIES ETF
PGX,INVESCO EXCHANGE-TRADED FUND TRUST II -INVESCO PREFERRED ETF
PID,INV EX-TR FD TR-INV INTL DIVD ACHIEVER ETF
PPLT,ABERDEEN STANDARD PHYSICAL PLATINUM SHARES ETF
PRF,INVESCO EX-TR FD TR-INVESCO FTSE RAFI US 1000 ETF
QETH,INVESCO GALAXY ETHEREUM ETF
QQQ,"INVESCO QQQ TRUST ETF, SERIES 1"
QQQM,INV NASDAQ 100 IDX
QUAL,ISHARES TRUST - ISHARES MSCI USA QUALITY FACTOR ETF
RSP,INVESCO EXCHANGE-TRADED FUND TRUST-INVESCO S&P 500 EQ WGT ETF
RSPR,INVESCO ETF TR -INVESCO S&P 500 EQUAL WEIGHT REAL ESTATE ETF
RSPS,INVESCO ETF TRUST - INVESCO S&P 500 EQUAL WEIGHT CNS STP ETF
RUT,RUSSELL 2000 INDEX
RWJ,INVESCO EXCHANGE-TRADED FD TR II-INVES S&P 600 REV ETF
RWK,INVESCO EXCHANGE-TRADED FD TR II-INVES S&P MDCAP 400 REV ETF
RWL,INVESCO EXCHANGE-TRADED FD TR II-INVESCO S&P 500 REVENUE ETF
SCHD,SCHWAB US SMALL-CAP ETF
SHV,ISHARES BARCLAYS SHORT TREASURY BOND
SHY,ISHARES TRUST-ISHARES 1-3 YEAR TREASURY BOND ETF
SJNK,SPDR SERIES TRUST - SPDR BLOOMBERG ST HI YLD BD ETF
SLV,ISHARES SILVER TRUST
SOYB,TEUCRIUM COMMODITY TRUST - TEUCRIUM SOYBEAN FUND
SPEM,SPDR INDEX ISHARES FUNDS -SPDR PORTFOLIO EMERGING MARKETS ETF
SPHD,INVESCO S&P 500 HH DV LW VLT ETF
SPHY,SPDR SERIES TRUST-SPDR PORTFOLIO HIGH YIELD BOND ETF
SPIB,STATE STREET SPDR PORTFOLIO INTERMEIDITE TRM CRPRATE BND ETF
SPTL,SPDR SERIES TRUST - SPDR PORTFOLIO LONG TERM TREASURY ETF
SPTS,SPDR PORTFOLIO SHORT TERM TREASURY ETF
SPY,SPDR SP 500 ETF TRUST
SPYD,SPDR SERIES TRUST - SPDR PORTFOLIO S&P 500 HIGH DIVIDEND ETF
SPYM,STATE STREET SPDR PORTFOLIO S&P 500 ETF
SPYV,STATE STREET SPDR PORTFOLIO S&P 500 VALUE ETF
SRLN,SPDR BLACKSTONE SENIOR LOAN ETF
STIP,ISHARES TRUST - ISHARES 0-5 YEAR TIPS BOND ETF
SUB,ISHARES TRUST-ISHARES S&P SHORT TERM NATIONAL MUNICIPL BD FD
SUSA,ISHARES MSCI USA ESG SELECT ETF
TETH,TEUCRIUM COMMODITY TRUST - TEUCRIUM SOYBEAN FUND
TFI,SPDR SER TRUST-SPDR(R) NUVEEN BLOOMBERG MUNI BD ETF
TIP,ISHARES TRUST - ISHARES TIPS BOND ETF
TLT,ISHARES BARCLAYS 20+ YEAR TREASURY BOND
TMDV,PROSHARES RUSSELL US DIVIDEND GROWERS ETF
TRTY,CAMBRIA ETF TRUST - CAMBRIA TRINITY ETF
UGA,UNITED STATES GASOLINE FUND LP
UNG,UNITED STATES GASOLINE FUND LP
USHY,ISHARES TRUST -ISHARES BROAD USD HIGH YIELD CORP BD ETF
USL,"UNITED STATES 12 MONTH OIL FUND, LP"
USMV,ISHARES TRUST - ISHARES MSCI USA MIN VOL FACTOR ETF
USO,"UNITED STATES OIL FUND, LP"
VB,VANGUARD INDEX FUNDS - VANGUARD SMALL-CAP INDEX FUND
VCEB,VANGUARD SHT TERM CORP BND INDEX
VCIT,VANGUARD SCOTTSDALE FUNDS- VAN INT-TERM TREASURY INDX FD
VGK,VANGUARD FTSE EUROPE ETF
VGSH,VANGUARD SCOTTSDALE FUNDS -VANGUARD SHORT-TERM TREAS IDX FD
VIG,VANGUARD SPECIALIZED FUNDS-VANGUARD DIVIDEND APPRECIATION INDEX FX FD
VIOG,VANGUARD S&P SMALL-CAP 600 GROWTH ETF
VIOO,VANGUARD S&P SMALL-CAP 600 INDEX
VLUE,ISHARES TRUST - ISHARES MSCI USA VALUE FACTOR ETF
VNQI,VANGUARD INTRL EQ IDX FD-VGRD GLB EX-US REAL EST IDX FD
VO,VANGUARD INDEX FUNDS - VANGUARD MID-CAP INDEX FUND
VOE,VANGUARD INDEX FUNDS - VANGUARD MID-CAP VALUE INDEX FUND
VONE,VANGUARD SCOTTSDALE FUNDS - VANGUARD RUSSELL 1000 INDEX FUND
VONV,VANGUARD SCOTTSDALE FUNDS- VANGUARD RUSSELL 1000 VALUE INDEX
VOO,VANGUARD INDEX FUNDS - VANGUARD 500 INDEX FUND
VOOV,VANGUARD S&P 500 VALUE ETF
VOT,VANGUARD INDEX FUNDS-VANGUARD MID-CAP GROWTH INDEX FUND
VPL,VANGUARD INTERNATIONAL EQUITY INDEX FUNDS-PACIFIC STK IND FD
VSS,VANGUARD INTL EQ IDX FD-VGRD FTSE ALL-WLD EX-US SM CP IDX FD
VT,VANGUARD TOTAL WORLD STK
VTEB,VANGUARD MUNI BD FDS-VANGUARD TAX-EXEMPT BOND INDEX FUND
VTHR,VANGUARD SCOTTSDALE FUNDS - VANGUARD RUSSELL 3000 INDEX FUND
VTI,VANGUARD TOTAL STOCK MARKET INDEX
VTIP,VANGUARD MALVERN FUNDS- VAN SHRT TERM INFL PRT SEC IND FUNDS
VTV,VANGUARD INDEX FUNDS - VANGUARD VALUE INDEX FUND
VTWO,VANGUARD RUSSELL 2000 INDEX
VV,VANGUARD LARGE-CAP INDEX
VWO,VANGUARD INTERNATIONAL EQ ID FD-VANGUARD EMG MKT STK IN FD
VWOB,VANGUARD INDEX FUNDS-VANGUARD EMERGING MKTS GVT BDX FUND
VXF,VANGUARD EXTENDED MARKET INDEX
VXUS,VANGUARD STAR FUNDS-VANGUARD TOTAL INTERNNTNL STOCK INDEX FD
VXX,BARCLAYS BANK PLC - IPATH SERIES B S&P 500 VIX S-T FUT ETN
VYM,VANGUARD HIGH DIVIDEND YIELD ETF
VYMI,VANGUARD WHITEHALL FUNDS - VANGUARD INTERNATIONAL HIGH DIVID
WEAT,TEUCRIUM COMMODITY TRUST - TEUCRIUM WHEAT FUND
XBI,SPDR S&P BIOTECH ETF
XOP,SPDR SERIES TRUST-SPDR S&P OIL & GAS EXPLORATION & PROD ETF
XRT,STATE STREET SPDR S&P RETAIL ETF
XSD,SPDR SERIES TRUST-SPDR S&P SEMICONDUCTOR ETF
XSP,CBOE MINI SPX INDEX
XYLD,GLOBAL X FUNDS-GLOBAL X S&P 500 COVERED CALL ETF
ZROZ,PIMCO ETF TR-PIMCO 25+ YEAR ZERO COUPON U.S TREASURY IND ETF
